"card_name","colors","rarity","cgb_raw","cgb_zscore","ds_raw","ds_zscore","llu_a_raw","llu_a_zscore","llu_m_raw","llu_m_zscore","cfb_raw","cfb_zscore","average_zscore","expert_count"
"Emeritus of Ideation // Ancestral Recall","U","mythic","11","2.601","10","2.09","8","2.094","8","2.112","5","1.8775","2.155","5"
"Germination Practicum","G","mythic","10","2.199","10","2.09","7.5","1.809","7","1.575","5","1.8775","1.91","5"
"Moment of Reckoning","B|W","rare","12","3.002","10","2.09","7.5","1.809","7.5","1.843","1","-1.7585","1.397","5"
"Akroma's Will","W","rare","5","0.192","10","2.09","7.5","1.809","7","1.575","","","1.416","5"
"""Quandrix, the Proof""","G|U","mythic","10","2.199","10","2.09","6.5","1.238","6.5","1.307","5","1.8775","1.742","5"
"Winds of Abandon","W","rare","10","2.199","10","2.09","7","1.523","7","1.575","","","1.847","5"
"Professor Dellian Fel","B|G","mythic","11","2.601","10","2.09","7.5","1.809","7.5","1.843","4.5","1.423","1.953","5"
"""Berta, Wise Extrapolator""","G|U","rare","9","1.798","8","1.299","4","-0.189","4","-0.035","4","0.9685","0.768","5"
"""Jadzi, Steward of Fate // Oracle's Gift""","U","rare","9","1.798","9","1.694","6.5","1.238","7","1.575","4.5","1.423","1.546","5"
"""Lorehold, the Historian""","R|W","mythic","10","2.199","9","1.694","7","1.523","7","1.575","4.5","1.423","1.683","5"
"Emeritus of Truce // Swords to Plowshares","W","mythic","10","2.199","10","2.09","6.5","1.238","6.5","1.307","4.5","1.423","1.651","5"
"Armageddon","W","mythic","1","-1.414","9","1.694","0","-2.472","2","-1.108","","","-0.825","5"
"Conciliator's Duelist","B|W","rare","7","0.995","9","1.694","6.5","1.238","6","1.038","4.5","1.423","1.278","5"
"Crackle with Power","R","mythic","5","0.192","9","1.694","7.5","1.809","7.5","1.843","","","1.385","5"
"Cyclonic Rift","U","mythic","10","2.199","9","1.694","5","0.382","5.5","0.77","","","1.261","5"
"Dismember","B","uncommon","7","0.995","9","1.694","7","1.523","6.5","1.307","","","1.38","5"
"""Silverquill, the Disputant""","B|W","mythic","8","1.396","9","1.694","6","0.952","6.5","1.307","4","0.9685","1.264","5"
"Sylvan Library","G","mythic","5","0.192","9","1.694","5","0.382","6","1.038","2.5","-0.395","0.582","5"
"Emeritus of Abundance // Regrowth","G","mythic","9","1.798","10","2.09","6.5","1.238","7","1.575","4.5","1.423","1.625","5"
"Improvisation Capstone","R","mythic","7","0.995","8","1.299","5","0.382","4.5","0.233","5","1.8775","0.957","5"
"Stirring Hopesinger","W","rare","9","1.798","8","1.299","6.5","1.238","6.5","1.307","5","1.8775","1.504","5"
"""Ral Zarek, Guest Lecturer""","B","mythic","8","1.396","5","0.111","5","0.382","4.5","0.233","3.5","0.514","0.527","5"
"Antiquities on the Loose","W","rare","10","2.199","9","1.694","7.5","1.809","7.5","1.843","4.5","1.423","1.794","5"
"Applied Geometry","G|U","rare","8","1.396","9","1.694","7.5","1.809","7.5","1.843","4","0.9685","1.542","5"
"Informed Inkwright","W","rare","7","0.995","9","1.694","6.5","1.238","6.5","1.307","4.75","1.6502","1.377","5"
"Magmablood Archaic","R","rare","5","0.192","9","1.694","5.5","0.667","6","1.038","4.5","1.423","1.003","5"
"Splatter Technique","R|U","rare","8","1.396","9","1.694","6","0.952","5.5","0.77","4","0.9685","1.156","5"
"Archmage Emeritus","U","rare","4","-0.21","8","1.299","6","0.952","5.5","0.77","4","0.9685","0.756","5"
"Murmuring Mystic","U","common","6","0.593","8","1.299","6","0.952","6","1.038","4","0.9685","0.97","5"
"Subterranean Tremors","R","mythic","5","0.192","8","1.299","7","1.523","4","-0.035","","","0.745","5"
"Triumph of the Hordes","G","uncommon","0","-1.816","8","1.299","0","-2.472","0","-2.181","","","-1.292","5"
"Traumatic Critique","R|U","rare","8","1.396","9","1.694","6","0.952","5.5","0.77","4","0.9685","1.156","5"
"Vicious Rivalry","B|G","rare","3","-0.611","9","1.694","5","0.382","5","0.502","3.5","0.514","0.496","5"
"Wildgrowth Archaic","G","rare","5","0.192","9","1.694","5.5","0.667","6","1.038","4.5","1.423","1.003","5"
"Colorstorm Stallion","R|U","rare","9","1.798","8","1.299","6","0.952","6","1.038","3.5","0.514","1.12","5"
"Vastlands Scavenger // Bind to Life","G","rare","9","1.798","8","1.299","7.5","1.809","8","2.112","4.5","1.423","1.688","5"
"Withering Curse","B","mythic","7","0.995","8","1.299","4.5","0.096","4.5","0.233","5","1.8775","0.9","5"
"Mind into Matter","G|U","rare","8","1.396","7","0.903","6.5","1.238","6","1.038","4","0.9685","1.109","5"
"""Blech, Loafing Pest""","B|G","rare","8","1.396","7","0.903","5.5","0.667","5.5","0.77","4.5","1.423","1.032","5"
"""Witherbloom, the Balancer""","B|G","mythic","5","0.192","7","0.903","6","0.952","5.5","0.77","4","0.9685","0.757","5"
"Cauldron of Essence","B|G","rare","8","1.396","9","1.694","5.5","0.667","6","1.038","4","0.9685","1.153","5"
"Ambitious Augmenter","G","rare","8","1.396","8","1.299","6.5","1.238","6.5","1.307","4","0.9685","1.242","5"
"Emeritus of Woe // Demonic Tutor","B","mythic","10","2.199","8","1.299","6.5","1.238","7","1.575","5","1.8775","1.638","5"
"Erode","W","rare","6","0.593","8","1.299","5","0.382","1","-1.645","3.75","0.7412","0.274","5"
"Stress Dream","R|U","uncommon","8","1.396","8","1.299","6","0.952","6.5","1.307","3.5","0.514","1.094","5"
"The Dawning Archaic","","mythic","5","0.192","8","1.299","6","0.952","6","1.038","1","-1.7585","0.344","5"
"Additive Evolution","G","uncommon","6","0.593","7","0.903","6","0.952","6","1.038","3.25","0.2867","0.755","5"
"Grave Researcher // Reanimate","B","rare","7","0.995","7","0.903","5","0.382","4.5","0.233","4.5","1.423","0.787","5"
"Practiced Offense","W","rare","4","-0.21","7","0.903","7","1.523","7","1.575","4.5","1.423","1.043","5"
"Practiced Scrollsmith","R|W","uncommon","8","1.396","7","0.903","6","0.952","6","1.038","3.5","0.514","0.961","5"
"Tragedy Feaster","B","rare","1","-1.414","7","0.903","6","0.952","4","-0.035","4","0.9685","0.275","5"
"Echocasting Symposium","U","mythic","9","1.798","6","0.507","5.5","0.667","4","-0.035","4.5","1.423","0.872","5"
"Skycoach Conductor // All Aboard","U","rare","8","1.396","8","1.299","6","0.952","5.5","0.77","4","0.9685","1.077","5"
"Awaken the Woods","G","mythic","8","1.396","7","0.903","7","1.523","6.5","1.307","","","1.282","5"
"""Aziza, Mage Tower Captain""","R|W","rare","4","-0.21","7","0.903","4.5","0.096","4","-0.035","3.5","0.514","0.254","5"
"Bitter Triumph","B","uncommon","6","0.593","7","0.903","5.5","0.667","5","0.502","","","0.666","5"
"Expressive Iteration","R|U","uncommon","5","0.192","7","0.903","5","0.382","6","1.038","","","0.629","5"
"Grim Haruspex","B","rare","5","0.192","7","0.903","5","0.382","4.5","0.233","4","0.9685","0.536","5"
"""Lluwen, Exchange Student // Pest Friend""","B|G","uncommon","8","1.396","7","0.903","5","0.382","4","-0.035","3.5","0.514","0.632","5"
"""Orysa, Tide Choreographer""","U","uncommon","7","0.995","7","0.903","5","0.382","4.5","0.233","3.5","0.514","0.605","5"
"Poisoner's Apprentice","B","uncommon","7","0.995","7","0.903","4.5","0.096","4","-0.035","3.75","0.7412","0.54","5"
"Reprieve","W","uncommon","8","1.396","7","0.903","5","0.382","5.5","0.77","","","0.863","5"
"Stock Up","U","uncommon","7","0.995","7","0.903","6.5","1.238","6","1.038","","","1.044","5"
"""Tam, Observant Sequencer // Deep Sight""","G|U","uncommon","5","0.192","7","0.903","3","-0.76","3","-0.572","3.5","0.514","0.055","5"
"Veil of Summer","G","uncommon","1","-1.414","7","0.903","","","","","","","-0.255","5"
"Ark of Hunger","R|W","rare","5","0.192","7","0.903","6.5","1.238","6.5","1.307","4.5","1.423","1.013","5"
"Colossus of the Blood Age","R|W","uncommon","8","1.396","7","0.903","6","0.952","6","1.038","4","0.9685","1.052","5"
"Environmental Scientist","G","uncommon","7","0.995","7","0.903","7","1.523","7","1.575","3.5","0.514","1.102","5"
"Exhibition Tidecaller","U","rare","3","-0.611","7","0.903","5","0.382","4.5","0.233","1","-1.7585","-0.17","5"
"Molten-Core Maestro","R","rare","9","1.798","7","0.903","7","1.523","7","1.575","4.75","1.6502","1.49","5"
"Scheming Silvertongue // Sign in Blood","B","rare","9","1.798","7","0.903","7","1.523","6.5","1.307","4","0.9685","1.3","5"
"Stirring Honormancer","B|W","uncommon","8","1.396","7","0.903","6","0.952","5.5","0.77","3.5","0.514","0.907","5"
"""Abigale, Poet Laureate // Heroic Stanza""","B|W","uncommon","5","0.192","6","0.507","5","0.382","4","-0.035","3.5","0.514","0.312","5"
"Flashback","R","rare","3","-0.611","4","-0.284","3","-0.76","3","-0.572","2","-0.8495","-0.615","5"
"""Moseo, Vein's New Dean""","B","rare","8","1.396","6","0.507","6.5","1.238","6.5","1.307","4","0.9685","1.083","5"
"""Prismari, the Inspiration""","R|U","mythic","8","1.396","4","-0.284","5","0.382","4","-0.035","2","-0.8495","0.122","5"
"Hardened Academic","R|W","rare","9","1.798","6","0.507","7","1.523","7","1.575","4","0.9685","1.274","5"
"Harmonized Trio // Brainstorm","U","rare","5","0.192","6","0.507","6","0.952","6.5","1.307","4","0.9685","0.785","5"
"Essenceknit Scholar","B|G","uncommon","7","0.995","7","0.903","5.5","0.667","5.5","0.77","4","0.9685","0.861","5"
"Forum Necroscribe","B","uncommon","5","0.192","7","0.903","3","-0.76","4","-0.035","2.5","-0.395","-0.019","5"
"Matterbending Mage","U","uncommon","8","1.396","7","0.903","6.5","1.238","6.5","1.307","3.5","0.514","1.072","5"
"Vibrant Outburst","R|U","uncommon","7","0.995","7","0.903","6","0.952","6","1.038","3.5","0.514","0.88","5"
"Foolish Fate","B","uncommon","7","0.995","6","0.507","6","0.952","6","1.038","3.5","0.514","0.801","5"
"Impractical Joke","R","uncommon","7","0.995","6","0.507","5","0.382","5","0.502","4","0.9685","0.671","5"
"Mana Sculpt","U","rare","3","-0.611","6","0.507","5","0.382","4.5","0.233","2.5","-0.395","0.023","5"
"Pensive Professor","U","rare","7","0.995","6","0.507","6","0.952","5.5","0.77","4","0.9685","0.839","5"
"Witherbloom Charm","B|G","uncommon","5","0.192","6","0.507","5","0.382","5","0.502","3","0.0595","0.329","5"
"Fractal Tender","G|U","uncommon","3","-0.611","7","0.903","4","-0.189","4.5","0.233","3.5","0.514","0.17","5"
"Garrison Excavator","R","uncommon","5","0.192","7","0.903","4","-0.189","3","-0.572","1.5","-1.304","-0.194","5"
"Silverquill Charm","B|W","uncommon","6","0.593","7","0.903","5","0.382","5","0.502","3.5","0.514","0.579","5"
"Topiary Lecturer","G","uncommon","4","-0.21","7","0.903","4","-0.189","3","-0.572","3.25","0.2867","0.044","5"
"""Emil, Vastlands Roamer""","G","uncommon","6","0.593","4","-0.284","5","0.382","5","0.502","3","0.0595","0.251","5"
"Killian's Confidence","B|W","uncommon","6","0.593","6","0.507","5","0.382","5","0.502","3.5","0.514","0.5","5"
"""Kirol, History Buff // Pack a Punch""","R|W","uncommon","7","0.995","6","0.507","5","0.382","5","0.502","3","0.0595","0.489","5"
"Emeritus of Conflict // Lightning Bolt","R","mythic","5","0.192","6","0.507","5.5","0.667","4","-0.035","4.5","1.423","0.551","5"
"Grapple with Death","B|G","common","7","0.995","6","0.507","5","0.382","4.5","0.233","3.5","0.514","0.526","5"
"Last Gasp","B","common","6","0.593","6","0.507","5","0.382","5","0.502","3","0.0595","0.409","5"
"Lecturing Scornmage","B","uncommon","3","-0.611","6","0.507","5","0.382","4.5","0.233","2.5","-0.395","0.023","5"
"Paradox Surveyor","G|U","uncommon","7","0.995","6","0.507","5.5","0.667","6","1.038","3.5","0.514","0.744","5"
"Snooping Page","B|W","uncommon","5","0.192","6","0.507","4.5","0.096","4","-0.035","3","0.0595","0.164","5"
"Studious First-Year // Rampant Growth","G","common","7","0.995","6","0.507","4.5","0.096","4.5","0.233","3","0.0595","0.378","5"
"Suspend Aggression","R|W","rare","8","1.396","6","0.507","6","0.952","6.5","1.307","3.5","0.514","0.935","5"
"Thornfist Striker","G","uncommon","6","0.593","6","0.507","5.5","0.667","5.5","0.77","3.25","0.2867","0.565","5"
"Wilt in the Heat","R|W","common","6","0.593","6","0.507","5","0.382","5.5","0.77","3","0.0595","0.462","5"
"Abrade","R","uncommon","5","0.192","6","0.507","5","0.382","5","0.502","","","0.396","5"
"Ad Nauseam","B","rare","0","-1.816","6","0.507","0","-2.472","0","-2.181","","","-1.49","5"
"Archaeomancer","U","common","2","-1.013","6","0.507","4","-0.189","4.5","0.233","","","-0.115","5"
"Brain Freeze","U","uncommon","0","-1.816","6","0.507","","","0","-2.181","","","-1.163","5"
"Brotherhood's End","R","rare","2","-1.013","6","0.507","5","0.382","3","-0.572","","","-0.174","5"
"Burst Lightning","R","common","7","0.995","6","0.507","6","0.952","5.5","0.77","","","0.806","5"
"Daze","U","uncommon","5","0.192","6","0.507","4.5","0.096","6","1.038","","","0.458","5"
"""Ennis, Debate Moderator""","W","uncommon","4","-0.21","6","0.507","4","-0.189","4.5","0.233","2","-0.8495","-0.102","5"
"Hop to It","W","uncommon","6","0.593","6","0.507","5","0.382","5","0.502","","","0.496","5"
"Knockout Maneuver","G","uncommon","6","0.593","6","0.507","5.5","0.667","5","0.502","","","0.567","5"
"Preordain","U","common","6","0.593","6","0.507","4.5","0.096","5","0.502","","","0.424","5"
"Proctor's Gaze","G|U","uncommon","6","0.593","6","0.507","5","0.382","5.5","0.77","3","0.0595","0.462","5"
"""Sanar, Unfinished Genius // Wild Idea""","R|U","uncommon","5","0.192","6","0.507","5","0.382","4.5","0.233","3","0.0595","0.275","5"
"Shared Roots","G","uncommon","3","-0.611","6","0.507","3","-0.76","3","-0.572","","","-0.359","5"
"Teacher's Pest","B|G","uncommon","6","0.593","6","0.507","4.5","0.096","4.5","0.233","4","0.9685","0.479","5"
"Charging Strifeknight","R","uncommon","6","0.593","7","0.903","5.5","0.667","5.5","0.77","3.5","0.514","0.689","5"
"Artistic Process","R","uncommon","5","0.192","6","0.507","5.5","0.667","5","0.502","3","0.0595","0.386","5"
"Muse Seeker","U","uncommon","3","-0.611","6","0.507","4","-0.189","4.5","0.233","3.5","0.514","0.091","5"
"Pestbrood Sloth","G","uncommon","7","0.995","6","0.507","5","0.382","5","0.502","3","0.0595","0.489","5"
"Group Project","W","uncommon","6","0.593","5","0.111","5","0.382","5.5","0.77","3","0.0595","0.383","5"
"Leech Collector // Bloodletting","B","uncommon","4","-0.21","5","0.111","4","-0.189","2","-1.108","2.5","-0.395","-0.358","5"
"Postmortem Professor","B","rare","5","0.192","5","0.111","5","0.382","4.5","0.233","3.75","0.7412","0.332","5"
"Scolding Administrator","B|W","uncommon","7","0.995","5","0.111","5.5","0.667","6","1.038","3.5","0.514","0.665","5"
"Startled Relic Sloth","R|W","uncommon","6","0.593","5","0.111","4","-0.189","4","-0.035","3.5","0.514","0.199","5"
"Steal the Show","R","rare","4","-0.21","5","0.111","3","-0.76","3","-0.572","1.5","-1.304","-0.547","5"
"Thunderdrum Soloist","R","uncommon","3","-0.611","5","0.111","5","0.382","5","0.502","1.25","-1.5312","-0.229","5"
"Together as One","","rare","7","0.995","9","1.694","7","1.523","7","1.575","4.5","1.423","1.442","5"
"Ajani's Response","W","common","3","-0.611","4","-0.284","4.5","0.096","4","-0.035","2","-0.8495","-0.337","5"
"Deathcap Glade","","rare","6","0.593","5","0.111","5.5","0.667","5.5","0.77","3.5","0.514","0.531","5"
"Dreamroot Cascade","","rare","6","0.593","5","0.111","5.5","0.667","5.5","0.77","3.5","0.514","0.531","5"
"Shattered Sanctum","","rare","6","0.593","5","0.111","5.5","0.667","5.5","0.77","3.5","0.514","0.531","5"
"Stormcarved Coast","","rare","6","0.593","5","0.111","5.5","0.667","5.5","0.77","3.5","0.514","0.531","5"
"Sundown Pass","","rare","6","0.593","5","0.111","5.5","0.667","5.5","0.77","3.5","0.514","0.531","5"
"Aberrant Manawurm","G","uncommon","2","-1.013","6","0.507","4.5","0.096","4","-0.035","2.75","-0.1678","-0.123","5"
"Cuboid Colony","G|U","uncommon","5","0.192","6","0.507","6","0.952","5.5","0.77","3.5","0.514","0.587","5"
"Eternal Student","B","uncommon","6","0.593","6","0.507","5","0.382","4","-0.035","3.5","0.514","0.392","5"
"Quandrix Charm","G|U","uncommon","6","0.593","6","0.507","4.5","0.096","4.5","0.233","3","0.0595","0.298","5"
"Soaring Stoneglider","W","uncommon","3","-0.611","6","0.507","4","-0.189","3","-0.572","3.25","0.2867","-0.116","5"
"Social Snub","B|W","uncommon","4","-0.21","6","0.507","3","-0.76","2","-1.108","1","-1.7585","-0.666","5"
"Burrog Barrage","G","common","6","0.593","5","0.111","5","0.382","4.5","0.233","3","0.0595","0.276","5"
"Dissection Practice","B","uncommon","4","-0.21","5","0.111","4","-0.189","3","-0.572","3.5","0.514","-0.069","5"
"Encouraging Aviator // Jump","U","uncommon","5","0.192","5","0.111","4.5","0.096","4","-0.035","3.5","0.514","0.176","5"
"Molten Note","R|W","uncommon","5","0.192","5","0.111","5","0.382","4.5","0.233","3.5","0.514","0.286","5"
"Old-Growth Educator","B|G","uncommon","4","-0.21","5","0.111","3","-0.76","3","-0.572","3","0.0595","-0.274","5"
"Prismari Charm","R|U","uncommon","6","0.593","5","0.111","5.5","0.667","5.5","0.77","3","0.0595","0.44","5"
"Spectacular Skywhale","R|U","uncommon","4","-0.21","5","0.111","4","-0.189","4","-0.035","3","0.0595","-0.053","5"
"Stand Up for Yourself","W","uncommon","6","0.593","5","0.111","4.5","0.096","5","0.502","2.5","-0.395","0.181","5"
"Unsubtle Mockery","R","common","6","0.593","5","0.111","5","0.382","5","0.502","3.5","0.514","0.42","5"
"Wander Off","B","common","6","0.593","5","0.111","4.5","0.096","4","-0.035","3","0.0595","0.165","5"
"Campus Composer // Aqueous Aria","U","uncommon","4","-0.21","4","-0.284","5.5","0.667","6","1.038","3.5","0.514","0.345","5"
"Elite Interceptor // Rejoinder","W","common","6","0.593","4","-0.284","6","0.952","6","1.038","3","0.0595","0.472","5"
"Flow State","U","uncommon","4","-0.21","4","-0.284","5.5","0.667","5.5","0.77","3.5","0.514","0.291","5"
"Pigment Wrangler // Striking Palette","R","uncommon","6","0.593","4","-0.284","5","0.382","4.5","0.233","4.25","1.1957","0.424","5"
"Quill-Blade Laureate // Twofold Intent","W","uncommon","4","-0.21","4","-0.284","5.5","0.667","6","1.038","3.75","0.7412","0.39","5"
"Run Behind","U","common","5","0.192","4","-0.284","4.5","0.096","4.5","0.233","3","0.0595","0.059","5"
"Tome Blast","R","common","5","0.192","4","-0.284","4","-0.189","4","-0.035","2.5","-0.395","-0.142","5"
"""Arnyn, Deathbloom Botanist""","B","uncommon","5","0.192","5","0.111","4.5","0.096","4","-0.035","3","0.0595","0.085","5"
"Locust Spray","B","uncommon","3","-0.611","5","0.111","3","-0.76","2","-1.108","","","-0.592","5"
"""Page, Loose Leaf""","","common","1","-1.414","5","0.111","3","-0.76","2","-1.108","1.5","-1.304","-0.895","5"
"Repel Calamity","W","uncommon","5","0.192","5","0.111","4.5","0.096","5","0.502","","","0.225","5"
"Stadium Tidalmage","R|U","common","5","0.192","3","-0.68","4.5","0.096","4","-0.035","3","0.0595","-0.074","5"
"Abstract Paintmage","R|U","uncommon","4","-0.21","6","0.507","4","-0.189","3","-0.572","3","0.0595","-0.081","5"
"Mind Roots","B|G","uncommon","3","-0.611","6","0.507","4.5","0.096","5","0.502","3","0.0595","0.111","5"
"Strixhaven Skycoach","","uncommon","3","-0.611","6","0.507","5","0.382","4.5","0.233","2","-0.8495","-0.068","5"
"Blazing Firesinger // Seething Song","R","uncommon","5","0.192","5","0.111","4.5","0.096","4","-0.035","4","0.9685","0.267","5"
"Chelonian Tackle","G","uncommon","5","0.192","5","0.111","4","-0.189","2","-1.108","2.75","-0.1678","-0.232","5"
"Embrace the Paradox","G|U","common","4","-0.21","5","0.111","5","0.382","4.5","0.233","2","-0.8495","-0.067","5"
"Noxious Newt","G","common","5","0.192","5","0.111","5","0.382","5","0.502","3","0.0595","0.249","5"
"Slumbering Trudge","G","rare","9","1.798","5","0.111","6.5","1.238","6","1.038","4","0.9685","1.031","5"
"Terramorphic Expanse","","common","5","0.192","5","0.111","5","0.382","5","0.502","3.5","0.514","0.34","5"
"Banishing Betrayal","U","common","5","0.192","4","-0.284","4","-0.189","4","-0.035","3","0.0595","-0.051","5"
"Bogwater Lumaret","B|G","common","6","0.593","4","-0.284","5","0.382","5","0.502","3","0.0595","0.251","5"
"Burrog Banemaker","B","common","4","-0.21","4","-0.284","5","0.382","5","0.502","3","0.0595","0.09","5"
"Dig Site Inventory","W","common","2","-1.013","4","-0.284","4","-0.189","3","-0.572","3.5","0.514","-0.309","5"
"End of the Hunt","B","uncommon","6","0.593","4","-0.284","5","0.382","4","-0.035","3.5","0.514","0.234","5"
"Inkshape Demonstrator","W","uncommon","3","-0.611","4","-0.284","4","-0.189","3","-0.572","2","-0.8495","-0.501","5"
"Rubble Rouser","R","common","3","-0.611","4","-0.284","5","0.382","5","0.502","2.5","-0.395","-0.081","5"
"Send in the Pest","B","common","6","0.593","4","-0.284","5.5","0.667","5.5","0.77","2.5","-0.395","0.27","5"
"Spiritcall Enthusiast // Scrollboost","W","uncommon","5","0.192","4","-0.284","4","-0.189","3","-0.572","3","0.0595","-0.159","5"
"Summoned Dromedary","W","uncommon","4","-0.21","4","-0.284","4","-0.189","4.5","0.233","3","0.0595","-0.078","5"
"Elemental Mascot","R|U","common","4","-0.21","3","-0.68","5","0.382","5.5","0.77","2","-0.8495","-0.118","5"
"Great Hall of the Biblioplex","","rare","6","0.593","7","0.903","2","-1.331","2","-1.108","3","0.0595","-0.177","5"
"Fields of Strife","","common","5","0.192","5","0.111","5","0.382","5","0.502","3.5","0.514","0.34","5"
"Forum of Amity","","common","5","0.192","5","0.111","5","0.382","5","0.502","3.5","0.514","0.34","5"
"Geometer's Arthropod","G|U","rare","5","0.192","3","-0.68","4.5","0.096","4.5","0.233","2","-0.8495","-0.202","5"
"Paradox Gardens","","common","5","0.192","5","0.111","5","0.382","5","0.502","3.5","0.514","0.34","5"
"Spectacle Summit","","common","5","0.192","5","0.111","5","0.382","5","0.502","3.5","0.514","0.34","5"
"Titan's Grave","","common","5","0.192","5","0.111","5","0.382","5","0.502","3.5","0.514","0.34","5"
"Visionary's Dance","R|U","common","4","-0.21","4","-0.284","4.5","0.096","4","-0.035","3","0.0595","-0.075","5"
"Tester of the Tangential","U","uncommon","3","-0.611","5","0.111","2","-1.331","2","-1.108","3.5","0.514","-0.485","5"
"Deluge Virtuoso","U","common","3","-0.611","4","-0.284","3","-0.76","3","-0.572","3","0.0595","-0.433","5"
"Duel Tactics","R","uncommon","4","-0.21","4","-0.284","4.5","0.096","4","-0.035","1","-1.7585","-0.438","5"
"Eager Glyphmage","W","common","6","0.593","4","-0.284","5","0.382","5","0.502","1.5","-1.304","-0.022","5"
"Fractal Mascot","G|U","common","4","-0.21","4","-0.284","4.5","0.096","4.5","0.233","2.5","-0.395","-0.112","5"
"Goblin Glasswright // Craft with Pride","R","common","5","0.192","4","-0.284","4.5","0.096","4.5","0.233","4.25","1.1957","0.287","5"
"Homesickness","U","uncommon","4","-0.21","4","-0.284","4.5","0.096","4","-0.035","3.5","0.514","0.016","5"
"Pest Mascot","B|G","common","3","-0.611","4","-0.284","4.5","0.096","4","-0.035","3","0.0595","-0.155","5"
"Pterafractyl","G|U","common","5","0.192","4","-0.284","4.5","0.096","4","-0.035","3","0.0595","0.006","5"
"Pursue the Past","R|W","common","2","-1.013","4","-0.284","4","-0.189","4","-0.035","2","-0.8495","-0.474","5"
"Decorum Dissertation","B","mythic","2","-1.013","8","1.299","5","0.382","4","-0.035","4","0.9685","0.32","5"
"Restoration Seminar","W","mythic","11","2.601","8","1.299","4.5","0.096","3","-0.572","4.5","1.423","0.969","5"
"Hydro-Channeler","U","common","4","-0.21","3","-0.68","4.5","0.096","4","-0.035","3","0.0595","-0.154","5"
"Lorehold Charm","R|W","uncommon","4","-0.21","3","-0.68","4","-0.189","4","-0.035","3","0.0595","-0.211","5"
"Big Score","R","common","4","-0.21","4","-0.284","4.5","0.096","4.5","0.233","","","-0.041","5"
"""Codie, Vociferous Codex""","","rare","5","0.192","4","-0.284","3","-0.76","2","-1.108","1","-1.7585","-0.744","5"
"Deduce","U","common","4","-0.21","4","-0.284","5","0.382","5","0.502","","","0.098","5"
"Dualcaster Mage","R","rare","8","1.396","4","-0.284","4.5","0.096","5.5","0.77","4","0.9685","0.589","5"
"Helping Hand","W","uncommon","2","-1.013","4","-0.284","3","-0.76","3","-0.572","","","-0.657","5"
"Oracle's Restoration","G","common","2","-1.013","4","-0.284","3","-0.76","2","-1.108","1.75","-1.0767","-0.848","5"
"Potioner's Trove","","common","2","-1.013","4","-0.284","3","-0.76","3","-0.572","2.5","-0.395","-0.605","5"
"Prismatic Ending","W","uncommon","3","-0.611","4","-0.284","3","-0.76","3","-0.572","","","-0.557","5"
"Royal Treatment","G","uncommon","5","0.192","4","-0.284","5.5","0.667","5.5","0.77","","","0.336","5"
"Shamanic Revelation","G","rare","2","-1.013","4","-0.284","4","-0.189","4","-0.035","","","-0.38","5"
"Sheoldred's Edict","B","uncommon","2","-1.013","4","-0.284","4","-0.189","3","-0.572","","","-0.514","5"
"Sleight of Hand","U","common","5","0.192","4","-0.284","4.5","0.096","4.5","0.233","","","0.059","5"
"Tablet of Discovery","R","uncommon","3","-0.611","6","0.507","5","0.382","4.5","0.233","3.75","0.7412","0.25","5"
"Rapturous Moment","R|U","uncommon","5","0.192","4","-0.284","3","-0.76","1","-1.645","3","0.0595","-0.487","5"
"Strife Scholar // Awaken the Ages","R","common","4","-0.21","4","-0.284","3","-0.76","2","-1.108","1.25","-1.5312","-0.779","5"
"Zealous Lorecaster","R","common","5","0.192","4","-0.284","4.5","0.096","4","-0.035","1.75","-1.0767","-0.222","5"
"Adventurous Eater // Have a Bite","B","common","4","-0.21","3","-0.68","4","-0.189","3","-0.572","3","0.0595","-0.318","5"
"Expressive Firedancer","R","common","4","-0.21","3","-0.68","4","-0.189","4","-0.035","2","-0.8495","-0.393","5"
"Infirmary Healer // Stream of Life","G","uncommon","6","0.593","3","-0.68","5","0.382","4.5","0.233","2.75","-0.1678","0.072","5"
"Inkling Mascot","B|W","common","5","0.192","3","-0.68","4.5","0.096","4","-0.035","2","-0.8495","-0.255","5"
"Joined Researchers // Secret Rendezvous","W","rare","4","-0.21","3","-0.68","5","0.382","4.5","0.233","3.5","0.514","0.048","5"
"Landscape Painter // Vibrant Idea","U","common","4","-0.21","3","-0.68","3","-0.76","4","-0.035","3","0.0595","-0.325","5"
"Melancholic Poet","B","common","3","-0.611","3","-0.68","4.5","0.096","4","-0.035","2.5","-0.395","-0.325","5"
"Mindful Biomancer","G","common","3","-0.611","3","-0.68","4.5","0.096","4","-0.035","2.75","-0.1678","-0.28","5"
"Quick Study","U","common","4","-0.21","3","-0.68","4","-0.189","4","-0.035","3","0.0595","-0.211","5"
"Rehearsed Debater","W","common","4","-0.21","3","-0.68","4","-0.189","4.5","0.233","2.75","-0.1678","-0.203","5"
"Shattered Acolyte","W","common","5","0.192","3","-0.68","4.5","0.096","4.5","0.233","2.25","-0.6222","-0.156","5"
"Stone Docent","W","common","4","-0.21","3","-0.68","4.5","0.096","4.5","0.233","2.75","-0.1678","-0.146","5"
"Tackle Artist","R","common","2","-1.013","3","-0.68","3","-0.76","3","-0.572","1.75","-1.0767","-0.82","5"
"Snarl Song","G","uncommon","6","0.593","7","0.903","6","0.952","5.5","0.77","1.5","-1.304","0.383","5"
"Lumaret's Favor","G","uncommon","4","-0.21","3","-0.68","4","-0.189","3","-0.572","2.5","-0.395","-0.409","5"
"Shopkeeper's Bane","G","common","3","-0.611","2","-1.076","4","-0.189","4","-0.035","2.5","-0.395","-0.461","5"
"Spellbook Seeker // Careful Study","U","common","4","-0.21","2","-1.076","4","-0.189","2","-1.108","3","0.0595","-0.505","5"
"Cheerful Osteomancer // Raise Dead","B","common","5","0.192","5","0.111","3","-0.76","3","-0.572","3","0.0595","-0.194","5"
"Daydream","W","uncommon","1","-1.414","5","0.111","3","-0.76","2","-1.108","1","-1.7585","-0.986","5"
"Essence Scatter","U","common","5","0.192","5","0.111","5.5","0.667","5","0.502","3","0.0595","0.306","5"
"Primary Research","W","uncommon","3","-0.611","5","0.111","5.5","0.667","6","1.038","1","-1.7585","-0.111","5"
"Sundering Archaic","","uncommon","4","-0.21","5","0.111","4.5","0.096","5","0.502","4","0.9685","0.293","5"
"Brush Off","U","uncommon","2","-1.013","3","-0.68","5","0.382","5","0.502","1.5","-1.304","-0.423","5"
"Growth Curve","G|U","uncommon","2","-1.013","3","-0.68","2","-1.331","1","-1.645","1","-1.7585","-1.286","5"
"Heated Argument","R","common","4","-0.21","3","-0.68","3","-0.76","3","-0.572","2","-0.8495","-0.614","5"
"Interjection","W","common","3","-0.611","3","-0.68","4","-0.189","3","-0.572","2","-0.8495","-0.58","5"
"Living History","R","uncommon","4","-0.21","3","-0.68","4.5","0.096","3","-0.572","1.5","-1.304","-0.534","5"
"Skycoach Waypoint","","uncommon","1","-1.414","3","-0.68","4","-0.189","2","-1.108","0","-2.6675","-1.212","5"
"Sneering Shadewriter","B","common","4","-0.21","3","-0.68","4.5","0.096","4","-0.035","2.75","-0.1678","-0.199","5"
"Ascendant Dustspeaker","W","common","2","-1.013","2","-1.076","4","-0.189","3","-0.572","1.75","-1.0767","-0.785","5"
"Biblioplex Tomekeeper","","common","3","-0.611","2","-1.076","2","-1.331","0","-2.181","1","-1.7585","-1.391","5"
"Imperious Inkmage","B|W","common","4","-0.21","2","-1.076","4.5","0.096","5","0.502","2.5","-0.395","-0.217","5"
"Maelstrom Artisan // Rocket Volley","R","rare","5","0.192","6","0.507","4","-0.189","3","-0.572","4.5","1.423","0.272","5"
"Planar Engineering","G","rare","2","-1.013","6","0.507","2","-1.331","2","-1.108","1.5","-1.304","-0.85","5"
"Fractalize","U","uncommon","3","-0.611","1","-1.472","4","-0.189","3","-0.572","2.5","-0.395","-0.648","5"
"Rabid Attack","B","uncommon","2","-1.013","1","-1.472","4.5","0.096","4.5","0.233","1.75","-1.0767","-0.647","5"
"Tenured Concocter","G","common","4","-0.21","1","-1.472","3","-0.76","3","-0.572","2.5","-0.395","-0.682","5"
"Ancestral Anger","R","common","3","-0.611","4","-0.284","4.5","0.096","4","-0.035","2","-0.8495","-0.337","5"
"Archaic's Agony","R","uncommon","1","-1.414","3","-0.68","3","-0.76","2","-1.108","2","-0.8495","-0.962","5"
"Diary of Dreams","","uncommon","2","-1.013","4","-0.284","4.5","0.096","4.5","0.233","1","-1.7585","-0.545","5"
"Disdainful Stroke","U","uncommon","3","-0.611","3","-0.68","5","0.382","5","0.502","","","-0.102","5"
"Duty Beyond Death","W","uncommon","2","-1.013","3","-0.68","4","-0.189","4","-0.035","","","-0.479","5"
"Feed the Swarm","B","common","5","0.192","3","-0.68","2","-1.331","2","-1.108","","","-0.732","5"
"Follow the Lumarets","G","common","3","-0.611","4","-0.284","4.5","0.096","4.5","0.233","2.75","-0.1678","-0.147","5"
"Giant Growth","G","common","4","-0.21","3","-0.68","2","-1.331","2","-1.108","","","-0.832","5"
"Graduation Day","W","uncommon","3","-0.611","4","-0.284","4.5","0.096","4","-0.035","1","-1.7585","-0.518","5"
"Magus of the Library","G","rare","2","-1.013","3","-0.68","0","-2.472","0","-2.181","3","0.0595","-1.257","5"
"Monstrous Rage","R","uncommon","5","0.192","3","-0.68","5","0.382","5","0.502","","","0.099","5"
"Rapier Wit","W","common","3","-0.611","4","-0.284","3","-0.76","2","-1.108","2.25","-0.6222","-0.677","5"
"Zombify","B","uncommon","3","-0.611","3","-0.68","3","-0.76","2","-1.108","","","-0.79","5"
"Efflorescence","G","common","3","-0.611","2","-1.076","2","-1.331","2","-1.108","1.5","-1.304","-1.086","5"
"Render Speechless","B|W","common","3","-0.611","2","-1.076","5.5","0.667","5","0.502","1.5","-1.304","-0.364","5"
"Honorbound Page // Forum's Favor","W","common","2","-1.013","1","-1.472","3","-0.76","2","-1.108","2","-0.8495","-1.04","5"
"Mage Tower Referee","","common","1","-1.414","1","-1.472","3","-0.76","3","-0.572","1.5","-1.304","-1.104","5"
"Root Manipulation","B|G","uncommon","3","-0.611","1","-1.472","4.5","0.096","4","-0.035","2.5","-0.395","-0.483","5"
"Scathing Shadelock // Venomous Words","B","uncommon","2","-1.013","1","-1.472","2","-1.331","2","-1.108","2.75","-0.1678","-1.018","5"
"Transcendent Archaic","","uncommon","3","-0.611","5","0.111","4.5","0.096","4","-0.035","4","0.9685","0.106","5"
"Choreographed Sparks","R","rare","0","-1.816","0","-1.867","2","-1.331","1","-1.645","1","-1.7585","-1.683","5"
"Cost of Brilliance","B","common","3","-0.611","3","-0.68","5.5","0.667","5","0.502","1.5","-1.304","-0.285","5"
"Pull from the Grave","B","common","2","-1.013","3","-0.68","4","-0.189","3","-0.572","2.75","-0.1678","-0.524","5"
"Rearing Embermare","R","common","3","-0.611","3","-0.68","4","-0.189","3","-0.572","1.75","-1.0767","-0.626","5"
"Seize the Spoils","R","common","2","-1.013","3","-0.68","4.5","0.096","2","-1.108","2.5","-0.395","-0.62","5"
"Spirit Mascot","R|W","common","4","-0.21","3","-0.68","4.5","0.096","4.5","0.233","3","0.0595","-0.1","5"
"Masterful Flourish","B","common","3","-0.611","1","-1.472","3","-0.76","3","-0.572","2.25","-0.6222","-0.807","5"
"Ulna Alley Shopkeep","B","common","3","-0.611","1","-1.472","2","-1.331","1","-1.645","2","-0.8495","-1.182","5"
"Mathemagics","U","mythic","4","-0.21","4","-0.284","5","0.382","4.5","0.233","2","-0.8495","-0.146","5"
"Muse's Encouragement","U","common","3","-0.611","2","-1.076","3","-0.76","3","-0.572","3","0.0595","-0.592","5"
"""Nita, Forum Conciliator""","B|W","rare","5","0.192","1","-1.472","5","0.382","4","-0.035","3.5","0.514","-0.084","5"
"Owlin Historian","W","common","5","0.192","2","-1.076","4.5","0.096","4.5","0.233","2.5","-0.395","-0.19","5"
"Wild Hypothesis","G","common","4","-0.21","2","-1.076","3","-0.76","3","-0.572","1.75","-1.0767","-0.739","5"
"Zimone's Experiment","G","uncommon","2","-1.013","1","-1.472","3","-0.76","3","-0.572","2.75","-0.1678","-0.797","5"
"Berserk","G","mythic","5","0.192","2","-1.076","2","-1.331","2","-1.108","","","-0.831","5"
"Bring to Light","G|U","rare","2","-1.013","2","-1.076","0","-2.472","1","-1.645","","","-1.551","5"
"Culling Ritual","B|G","rare","0","-1.816","2","-1.076","","","","","","","-1.446","5"
"""Mica, Reader of Ruins""","R","uncommon","3","-0.611","2","-1.076","3","-0.76","3","-0.572","2","-0.8495","-0.774","5"
"Pick Your Poison","G","rare","1","-1.414","2","-1.076","","","","","","","-1.245","5"
"Requisition Raid","W","uncommon","3","-0.611","2","-1.076","3","-0.76","2","-1.108","","","-0.889","5"
"Stargaze","B","uncommon","3","-0.611","2","-1.076","4","-0.189","2","-1.108","","","-0.746","5"
"Hungry Graffalon","G","common","2","-1.013","3","-0.68","1","-1.901","1","-1.645","2","-0.8495","-1.218","5"
"Chase Inspiration","U","common","3","-0.611","1","-1.472","3","-0.76","3","-0.572","2.5","-0.395","-0.762","5"
"Divergent Equation","U","uncommon","2","-1.013","2","-1.076","3","-0.76","3","-0.572","1","-1.7585","-1.036","5"
"Rancorous Archaic","","common","2","-1.013","2","-1.076","3","-0.76","3","-0.572","3","0.0595","-0.672","5"
"Textbook Tabulator","U","common","2","-1.013","2","-1.076","3","-0.76","3","-0.572","2","-0.8495","-0.854","5"
"""Adrix and Nev, Twincasters""","G|U","mythic","0","-1.816","1","-1.472","0","-2.472","0","-2.181","3.5","0.514","-1.485","5"
"Bulk Up","R","uncommon","3","-0.611","1","-1.472","2","-1.331","2","-1.108","","","-1.131","5"
"Deflecting Palm","R|W","rare","1","-1.414","1","-1.472","0","-2.472","0","-2.181","","","-1.885","5"
"Empty the Warrens","R","common","3","-0.611","1","-1.472","3","-0.76","2","-1.108","","","-0.988","5"
"Flusterstorm","U","rare","1","-1.414","1","-1.472","","","","","","","-1.443","5"
"Force of Will","U","mythic","3","-0.611","1","-1.472","4","-0.189","3","-0.572","","","-0.711","5"
"Fracture","B|W","uncommon","1","-1.414","1","-1.472","","","","","","","-1.443","5"
"Smallpox","B","uncommon","1","-1.414","1","-1.472","0","-2.472","0","-2.181","","","-1.885","5"
"Spell Pierce","U","uncommon","1","-1.414","1","-1.472","","","","","","","-1.443","5"
"Wisdom of Ages","U","rare","2","-1.013","3","-0.68","3","-0.76","3","-0.572","1","-1.7585","-0.957","5"
"Borrowed Knowledge","R|W","uncommon","0","-1.816","1","-1.472","0","-2.472","0","-2.181","0","-2.6675","-2.122","5"
"Comforting Counsel","G","rare","1","-1.414","1","-1.472","0","-2.472","0","-2.181","0","-2.6675","-2.041","5"
"Fractal Anomaly","U","uncommon","3","-0.611","1","-1.472","3","-0.76","1","-1.645","3","0.0595","-0.886","5"
"Fix What's Broken","B|W","rare","0","-1.816","0","-1.867","0","-2.472","0","-2.181","1","-1.7585","-2.019","5"
"Glorious Decay","G","common","1","-1.414","2","-1.076","","","","","1.5","-1.304","-1.265","5"
"Angel's Grace","W","rare","0","-1.816","0","-1.867","0","-2.472","0","-2.181","","","-2.084","5"
"Crop Rotation","G","uncommon","0","-1.816","0","-1.867","0","-2.472","0","-2.181","","","-2.084","5"
"Culling the Weak","B","common","2","-1.013","0","-1.867","0","-2.472","0","-2.181","","","-1.883","5"
"Dina's Guidance","B|G","rare","1","-1.414","0","-1.867","0","-2.472","0","-2.181","1","-1.7585","-1.938","5"
"Glimpse of Nature","G","rare","0","-1.816","0","-1.867","2","-1.331","1","-1.645","","","-1.665","5"
"Jeska's Will","R","rare","1","-1.414","0","-1.867","1","-1.901","1","-1.645","","","-1.707","5"
"Library of Leng","","common","0","-1.816","0","-1.867","","","","","0","-2.6675","-2.117","5"
"Living End","B","mythic","0","-1.816","0","-1.867","1","-1.901","0","-2.181","","","-1.941","5"
"Pongify","U","uncommon","1","-1.414","0","-1.867","0","-2.472","0","-2.181","","","-1.984","5"
"Pyretic Ritual","R","common","0","-1.816","0","-1.867","0","-2.472","1","-1.645","","","-1.95","5"
"Return the Favor","R","uncommon","3","-0.611","0","-1.867","0","-2.472","","","","","-1.65","5"
"Return to the Ranks","W","rare","0","-1.816","0","-1.867","1","-1.901","0","-2.181","","","-1.941","5"
"Vampiric Tutor","B","mythic","5","0.192","0","-1.867","0","-2.472","0","-2.181","","","-1.582","5"
"Arcane Omens","B","uncommon","2","-1.013","1","-1.472","4.5","0.096","","","1.5","-1.304","-0.923","5"
"Harsh Annotation","W","uncommon","0","-1.816","1","-1.472","0","-2.472","0","-2.181","1","-1.7585","-1.94","5"
"Procrastinate","U","common","4","-0.21","1","-1.472","2","-1.331","1","-1.645","3","0.0595","-0.92","5"
"Zaffai and the Tempests","R|U","rare","2","-1.013","1","-1.472","3","-0.76","3","-0.572","1","-1.7585","-1.115","5"
"Petrified Hamlet","","rare","0","-1.816","0","-1.867","0","-2.472","0","-2.181","0","-2.6675","-2.201","5"
"Pox Plague","B","rare","0","-1.816","0","-1.867","0","-2.472","0","-2.181","0","-2.6675","-2.201","5"
"Resonating Lute","R|U","rare","2","-1.013","0","-1.867","0","-2.472","0","-2.181","4","0.9685","-1.313","5"
