"card_name","colors","rarity","cgb_raw","cgb_zscore","ds_raw","ds_zscore","cs_raw","cs_zscore","llu_a_raw","llu_a_zscore","llu_m_raw","llu_m_zscore","cfb_raw","cfb_zscore","average_zscore","expert_count"
"Emeritus of Ideation // Ancestral Recall","U","mythic","11","2.601","10","2.09","8","2.167","8","2.094","8","2.112","5","1.8775","2.1569","6"
"Germination Practicum","G","mythic","10","2.199","10","2.09","8","2.167","7.5","1.809","7","1.575","5","1.8775","1.9529","6"
"Moment of Reckoning","BW","rare","12","3.002","10","2.09","8","2.167","7.5","1.809","7.5","1.843","1","-1.7585","1.5254","6"
"Akroma's Will","W","rare","5","0.192","10","2.09",,,"7.5","1.809","7","1.575",,,"1.4165","6"
"Quandrix, the Proof","GU","mythic","10","2.199","10","2.09",,,"6.5","1.238","6.5","1.307","5","1.8775","1.7423","6"
"Winds of Abandon","W","rare","10","2.199","10","2.09",,,"7","1.523","7","1.575",,,"1.8467","6"
"Professor Dellian Fel","BG","mythic","11","2.601","10","2.09","7.5","1.839","7.5","1.809","7.5","1.843","4.5","1.423","1.9342","6"
"Berta, Wise Extrapolator","GU","rare","9","1.798","8","1.299","7.5","1.839","4","-0.189","4","-0.035","4","0.9685","0.9467","6"
"Jadzi, Steward of Fate // Oracle's Gift","U","rare","9","1.798","9","1.694","7.5","1.839","6.5","1.238","7","1.575","4.5","1.423","1.5945","6"
"Lorehold, the Historian","RW","mythic","10","2.199","9","1.694","7.5","1.839","7","1.523","7","1.575","4.5","1.423","1.7088","6"
"Emeritus of Truce // Swords to Plowshares","W","mythic","10","2.199","10","2.09","7","1.512","6.5","1.238","6.5","1.307","4.5","1.423","1.6282","6"
"Armageddon","W","mythic","1","-1.414","9","1.694",,,"0","-2.472","2","-1.108",,,"-0.825","6"
"Conciliator's Duelist","BW","rare","7","0.995","9","1.694",,,"6.5","1.238","6","1.038","4.5","1.423","1.2776","6"
"Crackle with Power","R","mythic","5","0.192","9","1.694",,,"7.5","1.809","7.5","1.843",,,"1.3845","6"
"Cyclonic Rift","U","mythic","10","2.199","9","1.694",,,"5","0.382","5.5","0.77",,,"1.2612","6"
"Dismember","B","uncommon","7","0.995","9","1.694",,,"7","1.523","6.5","1.307",,,"1.3798","6"
"Silverquill, the Disputant","BW","mythic","8","1.396","9","1.694",,,"6","0.952","6.5","1.307","4","0.9685","1.2635","6"
"Sylvan Library","G","mythic","5","0.192","9","1.694",,,"5","0.382","6","1.038","2.5","-0.395","0.5822","6"
"Emeritus of Abundance // Regrowth","G","mythic","9","1.798","10","2.09","6.5","1.185","6.5","1.238","7","1.575","4.5","1.423","1.5515","6"
"Improvisation Capstone","R","mythic","7","0.995","8","1.299","7.5","1.839","5","0.382","4.5","0.233","5","1.8775","1.1042","6"
"Stirring Hopesinger","W","rare","9","1.798","8","1.299","7.5","1.839","6.5","1.238","6.5","1.307","5","1.8775","1.5597","6"
"Ral Zarek, Guest Lecturer","B","mythic","8","1.396","5","0.111","7","1.512","5","0.382","4.5","0.233","3.5","0.514","0.6913","6"
"Antiquities on the Loose","W","rare","10","2.199","9","1.694","6.5","1.185","7.5","1.809","7.5","1.843","4.5","1.423","1.6922","6"
"Applied Geometry","GU","rare","8","1.396","9","1.694","6.5","1.185","7.5","1.809","7.5","1.843","4","0.9685","1.4826","6"
"Informed Inkwright","W","rare","7","0.995","9","1.694","6.5","1.185","6.5","1.238","6.5","1.307","4.75","1.6502","1.3449","6"
"Magmablood Archaic","R","rare","5","0.192","9","1.694","6.5","1.185","5.5","0.667","6","1.038","4.5","1.423","1.0332","6"
"Splatter Technique","RU","rare","8","1.396","9","1.694","6.5","1.185","6","0.952","5.5","0.77","4","0.9685","1.1609","6"
"Archmage Emeritus","U","rare","4","-0.21","8","1.299",,,"6","0.952","5.5","0.77","4","0.9685","0.7559","6"
"Murmuring Mystic","U","common","6","0.593","8","1.299",,,"6","0.952","6","1.038","4","0.9685","0.9701","6"
"Subterranean Tremors","R","mythic","5","0.192","8","1.299",,,"7","1.523","4","-0.035",,,"0.7447","6"
"Triumph of the Hordes","G","uncommon","0","-1.816","8","1.299",,,"0","-2.472","0","-2.181",,,"-1.2925","6"
"Traumatic Critique","RU","rare","8","1.396","9","1.694","6","0.857","6","0.952","5.5","0.77","4","0.9685","1.1062","6"
"Vicious Rivalry","BG","rare","3","-0.611","9","1.694","6","0.857","5","0.382","5","0.502","3.5","0.514","0.5563","6"
"Wildgrowth Archaic","G","rare","5","0.192","9","1.694","6","0.857","5.5","0.667","6","1.038","4.5","1.423","0.9785","6"
"Colorstorm Stallion","RU","rare","9","1.798","8","1.299","6.5","1.185","6","0.952","6","1.038","3.5","0.514","1.131","6"
"Vastlands Scavenger // Bind to Life","G","rare","9","1.798","8","1.299","6.5","1.185","7.5","1.809","8","2.112","4.5","1.423","1.6043","6"
"Withering Curse","B","mythic","7","0.995","8","1.299","6.5","1.185","4.5","0.096","4.5","0.233","5","1.8775","0.9476","6"
"Mind into Matter","GU","rare","8","1.396","7","0.903","7","1.512","6.5","1.238","6","1.038","4","0.9685","1.1759","6"
"Blech, Loafing Pest","BG","rare","8","1.396","7","0.903","6.5","1.185","5.5","0.667","5.5","0.77","4.5","1.423","1.0573","6"
"Witherbloom, the Balancer","BG","mythic","5","0.192","7","0.903","6.5","1.185","6","0.952","5.5","0.77","4","0.9685","0.8284","6"
"Cauldron of Essence","BG","rare","8","1.396","9","1.694","5.5","0.53","5.5","0.667","6","1.038","4","0.9685","1.0489","6"
"Ambitious Augmenter","G","rare","8","1.396","8","1.299","6","0.857","6.5","1.238","6.5","1.307","4","0.9685","1.1776","6"
"Emeritus of Woe // Demonic Tutor","B","mythic","10","2.199","8","1.299","6","0.857","6.5","1.238","7","1.575","5","1.8775","1.5076","6"
"Erode","W","rare","6","0.593","8","1.299","6","0.857","5","0.382","1","-1.645","3.75","0.7412","0.3712","6"
"Stress Dream","RU","uncommon","8","1.396","8","1.299","6","0.857","6","0.952","6.5","1.307","3.5","0.514","1.0542","6"
"The Dawning Archaic","","mythic","5","0.192","8","1.299","6","0.857","6","0.952","6","1.038","1","-1.7585","0.4299","6"
"Additive Evolution","G","uncommon","6","0.593","7","0.903","6.5","1.185","6","0.952","6","1.038","3.25","0.2867","0.8263","6"
"Grave Researcher // Reanimate","B","rare","7","0.995","7","0.903","6.5","1.185","5","0.382","4.5","0.233","4.5","1.423","0.8535","6"
"Practiced Offense","W","rare","4","-0.21","7","0.903","6.5","1.185","7","1.523","7","1.575","4.5","1.423","1.0665","6"
"Practiced Scrollsmith","RW","uncommon","8","1.396","7","0.903","6.5","1.185","6","0.952","6","1.038","3.5","0.514","0.998","6"
"Tragedy Feaster","B","rare","1","-1.414","7","0.903","6.5","1.185","6","0.952","4","-0.035","4","0.9685","0.4266","6"
"Echocasting Symposium","U","mythic","9","1.798","6","0.507","7","1.512","5.5","0.667","4","-0.035","4.5","1.423","0.9787","6"
"Skycoach Conductor // All Aboard","U","rare","8","1.396","8","1.299","5.5","0.53","6","0.952","5.5","0.77","4","0.9685","0.9859","6"
"Awaken the Woods","G","mythic","8","1.396","7","0.903",,,"7","1.523","6.5","1.307",,,"1.2822","6"
"Aziza, Mage Tower Captain","RW","rare","4","-0.21","7","0.903",,,"4.5","0.096","4","-0.035","3.5","0.514","0.2536","6"
"Bitter Triumph","B","uncommon","6","0.593","7","0.903",,,"5.5","0.667","5","0.502",,,"0.6663","6"
"Expressive Iteration","RU","uncommon","5","0.192","7","0.903",,,"5","0.382","6","1.038",,,"0.6287","6"
"Grim Haruspex","B","rare","5","0.192","7","0.903",,,"5","0.382","4.5","0.233","4","0.9685","0.5357","6"
"Lluwen, Exchange Student // Pest Friend","BG","uncommon","8","1.396","7","0.903",,,"5","0.382","4","-0.035","3.5","0.514","0.632","6"
"Orysa, Tide Choreographer","U","uncommon","7","0.995","7","0.903",,,"5","0.382","4.5","0.233","3.5","0.514","0.6054","6"
"Poisoner's Apprentice","B","uncommon","7","0.995","7","0.903",,,"4.5","0.096","4","-0.035","3.75","0.7412","0.54","6"
"Reprieve","W","uncommon","8","1.396","7","0.903",,,"5","0.382","5.5","0.77",,,"0.8628","6"
"Stock Up","U","uncommon","7","0.995","7","0.903",,,"6.5","1.238","6","1.038",,,"1.0435","6"
"Tam, Observant Sequencer // Deep Sight","GU","uncommon","5","0.192","7","0.903",,,"3","-0.76","3","-0.572","3.5","0.514","0.0554","6"
"Veil of Summer","G","uncommon","1","-1.414","7","0.903",,,,,,,,,"-0.2555","6"
"Ark of Hunger","RW","rare","5","0.192","7","0.903","6","0.857","6.5","1.238","6.5","1.307","4.5","1.423","0.9867","6"
"Colossus of the Blood Age","RW","uncommon","8","1.396","7","0.903","6","0.857","6","0.952","6","1.038","4","0.9685","1.0191","6"
"Environmental Scientist","G","uncommon","7","0.995","7","0.903","6","0.857","7","1.523","7","1.575","3.5","0.514","1.0612","6"
"Exhibition Tidecaller","U","rare","3","-0.611","7","0.903","6","0.857","5","0.382","4.5","0.233","1","-1.7585","0.0009","6"
"Molten-Core Maestro","R","rare","9","1.798","7","0.903","6","0.857","7","1.523","7","1.575","4.75","1.6502","1.3844","6"
"Scheming Silvertongue // Sign in Blood","B","rare","9","1.798","7","0.903","6","0.857","7","1.523","6.5","1.307","4","0.9685","1.2261","6"
"Stirring Honormancer","BW","uncommon","8","1.396","7","0.903","6","0.857","6","0.952","5.5","0.77","3.5","0.514","0.8987","6"
"Abigale, Poet Laureate // Heroic Stanza","BW","uncommon","5","0.192","6","0.507","6","0.857","5","0.382","4","-0.035","3.5","0.514","0.4028","6"
"Flashback","R","rare","3","-0.611","4","-0.284","6","0.857","3","-0.76","3","-0.572","2","-0.8495","-0.3699","6"
"Moseo, Vein's New Dean","B","rare","8","1.396","6","0.507","6","0.857","6.5","1.238","6.5","1.307","4","0.9685","1.0456","6"
"Prismari, the Inspiration","RU","mythic","8","1.396","4","-0.284","6","0.857","5","0.382","4","-0.035","2","-0.8495","0.2444","6"
"Hardened Academic","RW","rare","9","1.798","6","0.507","6.5","1.185","7","1.523","7","1.575","4","0.9685","1.2594","6"
"Harmonized Trio // Brainstorm","U","rare","5","0.192","6","0.507","6.5","1.185","6","0.952","6.5","1.307","4","0.9685","0.8519","6"
"Essenceknit Scholar","BG","uncommon","7","0.995","7","0.903","5.5","0.53","5.5","0.667","5.5","0.77","4","0.9685","0.8056","6"
"Forum Necroscribe","B","uncommon","5","0.192","7","0.903","5.5","0.53","3","-0.76","4","-0.035","2.5","-0.395","0.0725","6"
"Matterbending Mage","U","uncommon","8","1.396","7","0.903","5.5","0.53","6.5","1.238","6.5","1.307","3.5","0.514","0.9813","6"
"Vibrant Outburst","RU","uncommon","7","0.995","7","0.903","5.5","0.53","6","0.952","6","1.038","3.5","0.514","0.822","6"
"Foolish Fate","B","uncommon","7","0.995","6","0.507","6","0.857","6","0.952","6","1.038","3.5","0.514","0.8105","6"
"Impractical Joke","R","uncommon","7","0.995","6","0.507","6","0.857","5","0.382","5","0.502","4","0.9685","0.7019","6"
"Mana Sculpt","U","rare","3","-0.611","6","0.507","6","0.857","5","0.382","4.5","0.233","2.5","-0.395","0.1622","6"
"Pensive Professor","U","rare","7","0.995","6","0.507","6","0.857","6","0.952","5.5","0.77","4","0.9685","0.8416","6"
"Witherbloom Charm","BG","uncommon","5","0.192","6","0.507","6","0.857","5","0.382","5","0.502","3","0.0595","0.4166","6"
"Fractal Tender","GU","uncommon","3","-0.611","7","0.903","5","0.203","4","-0.189","4.5","0.233","3.5","0.514","0.1755","6"
"Garrison Excavator","R","uncommon","5","0.192","7","0.903","5","0.203","4","-0.189","3","-0.572","1.5","-1.304","-0.1278","6"
"Silverquill Charm","BW","uncommon","6","0.593","7","0.903","5","0.203","5","0.382","5","0.502","3.5","0.514","0.5162","6"
"Topiary Lecturer","G","uncommon","4","-0.21","7","0.903","5","0.203","4","-0.189","3","-0.572","3.25","0.2867","0.0703","6"
"Emil, Vastlands Roamer","G","uncommon","6","0.593","4","-0.284","5.5","0.53","5","0.382","5","0.502","3","0.0595","0.2971","6"
"Killian's Confidence","BW","uncommon","6","0.593","6","0.507","5.5","0.53","5","0.382","5","0.502","3.5","0.514","0.5047","6"
"Kirol, History Buff // Pack a Punch","RW","uncommon","7","0.995","6","0.507","5.5","0.53","5","0.382","5","0.502","3","0.0595","0.4959","6"
"Emeritus of Conflict // Lightning Bolt","R","mythic","5","0.192","6","0.507","5.5","0.53","5.5","0.667","4","-0.035","4.5","1.423","0.5473","6"
"Grapple with Death","BG","common","7","0.995","6","0.507","5.5","0.53","5","0.382","4.5","0.233","3.5","0.514","0.5268","6"
"Last Gasp","B","common","6","0.593","6","0.507","5.5","0.53","5","0.382","5","0.502","3","0.0595","0.4289","6"
"Lecturing Scornmage","B","uncommon","3","-0.611","6","0.507","5.5","0.53","5","0.382","4.5","0.233","2.5","-0.395","0.1077","6"
"Paradox Surveyor","GU","uncommon","7","0.995","6","0.507","5.5","0.53","5.5","0.667","6","1.038","3.5","0.514","0.7085","6"
"Snooping Page","BW","uncommon","5","0.192","6","0.507","5.5","0.53","4.5","0.096","4","-0.035","3","0.0595","0.2249","6"
"Studious First-Year // Rampant Growth","G","common","7","0.995","6","0.507","5.5","0.53","4.5","0.096","4.5","0.233","3","0.0595","0.4034","6"
"Suspend Aggression","RW","rare","8","1.396","6","0.507","5.5","0.53","6","0.952","6.5","1.307","3.5","0.514","0.8677","6"
"Thornfist Striker","G","uncommon","6","0.593","6","0.507","5.5","0.53","5.5","0.667","5.5","0.77","3.25","0.2867","0.559","6"
"Wilt in the Heat","RW","common","6","0.593","6","0.507","5.5","0.53","5","0.382","5.5","0.77","3","0.0595","0.4736","6"
"Abrade","R","uncommon","5","0.192","6","0.507",,,"5","0.382","5","0.502",,,"0.3957","6"
"Ad Nauseam","B","rare","0","-1.816","6","0.507",,,"0","-2.472","0","-2.181",,,"-1.4905","6"
"Archaeomancer","U","common","2","-1.013","6","0.507",,,"4","-0.189","4.5","0.233",,,"-0.1155","6"
"Brain Freeze","U","uncommon","0","-1.816","6","0.507",,,,,"0","-2.181",,,"-1.1633","6"
"Brotherhood's End","R","rare","2","-1.013","6","0.507",,,"5","0.382","3","-0.572",,,"-0.174","6"
"Burst Lightning","R","common","7","0.995","6","0.507",,,"6","0.952","5.5","0.77",,,"0.806","6"
"Daze","U","uncommon","5","0.192","6","0.507",,,"4.5","0.096","6","1.038",,,"0.4583","6"
"Ennis, Debate Moderator","W","uncommon","4","-0.21","6","0.507",,,"4","-0.189","4.5","0.233","2","-0.8495","-0.1017","6"
"Hop to It","W","uncommon","6","0.593","6","0.507",,,"5","0.382","5","0.502",,,"0.496","6"
"Knockout Maneuver","G","uncommon","6","0.593","6","0.507",,,"5.5","0.667","5","0.502",,,"0.5673","6"
"Preordain","U","common","6","0.593","6","0.507",,,"4.5","0.096","5","0.502",,,"0.4245","6"
"Proctor's Gaze","GU","uncommon","6","0.593","6","0.507",,,"5","0.382","5.5","0.77","3","0.0595","0.4623","6"
"Sanar, Unfinished Genius // Wild Idea","RU","uncommon","5","0.192","6","0.507",,,"5","0.382","4.5","0.233","3","0.0595","0.2747","6"
"Shared Roots","G","uncommon","3","-0.611","6","0.507",,,"3","-0.76","3","-0.572",,,"-0.359","6"
"Teacher's Pest","BG","uncommon","6","0.593","6","0.507",,,"4.5","0.096","4.5","0.233","4","0.9685","0.4795","6"
"Charging Strifeknight","R","uncommon","6","0.593","7","0.903","4.5","-0.125","5.5","0.667","5.5","0.77","3.5","0.514","0.5537","6"
"Artistic Process","R","uncommon","5","0.192","6","0.507","5","0.203","5.5","0.667","5","0.502","3","0.0595","0.3551","6"
"Muse Seeker","U","uncommon","3","-0.611","6","0.507","5","0.203","4","-0.189","4.5","0.233","3.5","0.514","0.1095","6"
"Pestbrood Sloth","G","uncommon","7","0.995","6","0.507","5","0.203","5","0.382","5","0.502","3","0.0595","0.4414","6"
"Group Project","W","uncommon","6","0.593","5","0.111","5.5","0.53","5","0.382","5.5","0.77","3","0.0595","0.4076","6"
"Leech Collector // Bloodletting","B","uncommon","4","-0.21","5","0.111","5.5","0.53","4","-0.189","2","-1.108","2.5","-0.395","-0.2102","6"
"Postmortem Professor","B","rare","5","0.192","5","0.111","5.5","0.53","5","0.382","4.5","0.233","3.75","0.7412","0.3649","6"
"Scolding Administrator","BW","uncommon","7","0.995","5","0.111","5.5","0.53","5.5","0.667","6","1.038","3.5","0.514","0.6425","6"
"Startled Relic Sloth","RW","uncommon","6","0.593","5","0.111","5.5","0.53","4","-0.189","4","-0.035","3.5","0.514","0.254","6"
"Steal the Show","R","rare","4","-0.21","5","0.111","5.5","0.53","3","-0.76","3","-0.572","1.5","-1.304","-0.3675","6"
"Thunderdrum Soloist","R","uncommon","3","-0.611","5","0.111","5.5","0.53","5","0.382","5","0.502","1.25","-1.5312","-0.1029","6"
"Together as One","","rare","7","0.995","9","1.694","3","-1.106","7","1.523","7","1.575","4.5","1.423","1.0173","6"
"Ajani's Response","W","common","3","-0.611","4","-0.284","5","0.203","4.5","0.096","4","-0.035","2","-0.8495","-0.2468","6"
"Deathcap Glade","","rare","6","0.593","5","0.111","5","0.203","5.5","0.667","5.5","0.77","3.5","0.514","0.4763","6"
"Dreamroot Cascade","","rare","6","0.593","5","0.111","5","0.203","5.5","0.667","5.5","0.77","3.5","0.514","0.4763","6"
"Shattered Sanctum","","rare","6","0.593","5","0.111","5","0.203","5.5","0.667","5.5","0.77","3.5","0.514","0.4763","6"
"Stormcarved Coast","","rare","6","0.593","5","0.111","5","0.203","5.5","0.667","5.5","0.77","3.5","0.514","0.4763","6"
"Sundown Pass","","rare","6","0.593","5","0.111","5","0.203","5.5","0.667","5.5","0.77","3.5","0.514","0.4763","6"
"Aberrant Manawurm","G","uncommon","2","-1.013","6","0.507","4.5","-0.125","4.5","0.096","4","-0.035","2.75","-0.1678","-0.123","6"
"Cuboid Colony","GU","uncommon","5","0.192","6","0.507","4.5","-0.125","6","0.952","5.5","0.77","3.5","0.514","0.4683","6"
"Eternal Student","B","uncommon","6","0.593","6","0.507","4.5","-0.125","5","0.382","4","-0.035","3.5","0.514","0.306","6"
"Quandrix Charm","GU","uncommon","6","0.593","6","0.507","4.5","-0.125","4.5","0.096","4.5","0.233","3","0.0595","0.2273","6"
"Soaring Stoneglider","W","uncommon","3","-0.611","6","0.507","4.5","-0.125","4","-0.189","3","-0.572","3.25","0.2867","-0.1172","6"
"Social Snub","BW","uncommon","4","-0.21","6","0.507","4.5","-0.125","3","-0.76","2","-1.108","1","-1.7585","-0.5758","6"
"Burrog Barrage","G","common","6","0.593","5","0.111","5","0.203","5","0.382","4.5","0.233","3","0.0595","0.2636","6"
"Dissection Practice","B","uncommon","4","-0.21","5","0.111","5","0.203","4","-0.189","3","-0.572","3.5","0.514","-0.0238","6"
"Encouraging Aviator // Jump","U","uncommon","5","0.192","5","0.111","5","0.203","4.5","0.096","4","-0.035","3.5","0.514","0.1802","6"
"Molten Note","RW","uncommon","5","0.192","5","0.111","5","0.203","5","0.382","4.5","0.233","3.5","0.514","0.2725","6"
"Old-Growth Educator","BG","uncommon","4","-0.21","5","0.111","5","0.203","3","-0.76","3","-0.572","3","0.0595","-0.1947","6"
"Prismari Charm","RU","uncommon","6","0.593","5","0.111","5","0.203","5.5","0.667","5.5","0.77","3","0.0595","0.4006","6"
"Spectacular Skywhale","RU","uncommon","4","-0.21","5","0.111","5","0.203","4","-0.189","4","-0.035","3","0.0595","-0.0101","6"
"Stand Up for Yourself","W","uncommon","6","0.593","5","0.111","5","0.203","4.5","0.096","5","0.502","2.5","-0.395","0.185","6"
"Unsubtle Mockery","R","common","6","0.593","5","0.111","5","0.203","5","0.382","5","0.502","3.5","0.514","0.3842","6"
"Wander Off","B","common","6","0.593","5","0.111","5","0.203","4.5","0.096","4","-0.035","3","0.0595","0.1713","6"
"Campus Composer // Aqueous Aria","U","uncommon","4","-0.21","4","-0.284","5.5","0.53","5.5","0.667","6","1.038","3.5","0.514","0.3758","6"
"Elite Interceptor // Rejoinder","W","common","6","0.593","4","-0.284","5.5","0.53","6","0.952","6","1.038","3","0.0595","0.4814","6"
"Flow State","U","uncommon","4","-0.21","4","-0.284","5.5","0.53","5.5","0.667","5.5","0.77","3.5","0.514","0.3312","6"
"Pigment Wrangler // Striking Palette","R","uncommon","6","0.593","4","-0.284","5.5","0.53","5","0.382","4.5","0.233","4.25","1.1957","0.4416","6"
"Quill-Blade Laureate // Twofold Intent","W","uncommon","4","-0.21","4","-0.284","5.5","0.53","5.5","0.667","6","1.038","3.75","0.7412","0.4137","6"
"Run Behind","U","common","5","0.192","4","-0.284","5.5","0.53","4.5","0.096","4.5","0.233","3","0.0595","0.1378","6"
"Tome Blast","R","common","5","0.192","4","-0.284","5.5","0.53","4","-0.189","4","-0.035","2.5","-0.395","-0.0302","6"
"Arnyn, Deathbloom Botanist","B","uncommon","5","0.192","5","0.111",,,"4.5","0.096","4","-0.035","3","0.0595","0.0847","6"
"Locust Spray","B","uncommon","3","-0.611","5","0.111",,,"3","-0.76","2","-1.108",,,"-0.592","6"
"Page, Loose Leaf","","common","1","-1.414","5","0.111",,,"3","-0.76","2","-1.108","1.5","-1.304","-0.895","6"
"Repel Calamity","W","uncommon","5","0.192","5","0.111",,,"4.5","0.096","5","0.502",,,"0.2253","6"
"Stadium Tidalmage","RU","common","5","0.192","3","-0.68","6","0.857","4.5","0.096","4","-0.035","3","0.0595","0.0816","6"
"Abstract Paintmage","RU","uncommon","4","-0.21","6","0.507","4","-0.452","4","-0.189","3","-0.572","3","0.0595","-0.1427","6"
"Mind Roots","BG","uncommon","3","-0.611","6","0.507","4","-0.452","4.5","0.096","5","0.502","3","0.0595","0.0169","6"
"Strixhaven Skycoach","","uncommon","3","-0.611","6","0.507","4","-0.452","5","0.382","4.5","0.233","2","-0.8495","-0.1318","6"
"Blazing Firesinger // Seething Song","R","uncommon","5","0.192","5","0.111","4.5","-0.125","4.5","0.096","4","-0.035","4","0.9685","0.2013","6"
"Chelonian Tackle","G","uncommon","5","0.192","5","0.111","4.5","-0.125","4","-0.189","2","-1.108","2.75","-0.1678","-0.2145","6"
"Embrace the Paradox","GU","common","4","-0.21","5","0.111","4.5","-0.125","5","0.382","4.5","0.233","2","-0.8495","-0.0764","6"
"Noxious Newt","G","common","5","0.192","5","0.111","4.5","-0.125","5","0.382","5","0.502","3","0.0595","0.1869","6"
"Slumbering Trudge","G","rare","9","1.798","5","0.111","4.5","-0.125","6.5","1.238","6","1.038","4","0.9685","0.8381","6"
"Terramorphic Expanse","","common","5","0.192","5","0.111","4.5","-0.125","5","0.382","5","0.502","3.5","0.514","0.2627","6"
"Banishing Betrayal","U","common","5","0.192","4","-0.284","5","0.203","4","-0.189","4","-0.035","3","0.0595","-0.0089","6"
"Bogwater Lumaret","BG","common","6","0.593","4","-0.284","5","0.203","5","0.382","5","0.502","3","0.0595","0.2426","6"
"Burrog Banemaker","B","common","4","-0.21","4","-0.284","5","0.203","5","0.382","5","0.502","3","0.0595","0.1087","6"
"Dig Site Inventory","W","common","2","-1.013","4","-0.284","5","0.203","4","-0.189","3","-0.572","3.5","0.514","-0.2235","6"
"End of the Hunt","B","uncommon","6","0.593","4","-0.284","5","0.203","5","0.382","4","-0.035","3.5","0.514","0.2288","6"
"Inkshape Demonstrator","W","uncommon","3","-0.611","4","-0.284","5","0.203","4","-0.189","3","-0.572","2","-0.8495","-0.3837","6"
"Rubble Rouser","R","common","3","-0.611","4","-0.284","5","0.203","5","0.382","5","0.502","2.5","-0.395","-0.0338","6"
"Send in the Pest","B","common","6","0.593","4","-0.284","5","0.203","5.5","0.667","5.5","0.77","2.5","-0.395","0.259","6"
"Spiritcall Enthusiast // Scrollboost","W","uncommon","5","0.192","4","-0.284","5","0.203","4","-0.189","3","-0.572","3","0.0595","-0.0984","6"
"Summoned Dromedary","W","uncommon","4","-0.21","4","-0.284","5","0.203","4","-0.189","4.5","0.233","3","0.0595","-0.0312","6"
"Elemental Mascot","RU","common","4","-0.21","3","-0.68","5.5","0.53","5","0.382","5.5","0.77","2","-0.8495","-0.0096","6"
"Great Hall of the Biblioplex","","rare","6","0.593","7","0.903","3","-1.106","2","-1.331","2","-1.108","3","0.0595","-0.3316","6"
"Fields of Strife","","common","5","0.192","5","0.111","4.5","-0.125","5","0.382","5","0.502","3.5","0.514","0.2627","6"
"Forum of Amity","","common","5","0.192","5","0.111","4.5","-0.125","5","0.382","5","0.502","3.5","0.514","0.2627","6"
"Geometer's Arthropod","GU","rare","5","0.192","3","-0.68","4.5","-0.125","4.5","0.096","4.5","0.233","2","-0.8495","-0.1889","6"
"Paradox Gardens","","common","5","0.192","5","0.111","4.5","-0.125","5","0.382","5","0.502","3.5","0.514","0.2627","6"
"Spectacle Summit","","common","5","0.192","5","0.111","4.5","-0.125","5","0.382","5","0.502","3.5","0.514","0.2627","6"
"Titan's Grave","","common","5","0.192","5","0.111","4.5","-0.125","5","0.382","5","0.502","3.5","0.514","0.2627","6"
"Visionary's Dance","RU","common","4","-0.21","4","-0.284","4.5","-0.125","4.5","0.096","4","-0.035","3","0.0595","-0.0831","6"
"Tester of the Tangential","U","uncommon","3","-0.611","5","0.111","4","-0.452","2","-1.331","2","-1.108","3.5","0.514","-0.4795","6"
"Deluge Virtuoso","U","common","3","-0.611","4","-0.284","4.5","-0.125","3","-0.76","3","-0.572","3","0.0595","-0.3821","6"
"Duel Tactics","R","uncommon","4","-0.21","4","-0.284","4.5","-0.125","4.5","0.096","4","-0.035","1","-1.7585","-0.3861","6"
"Eager Glyphmage","W","common","6","0.593","4","-0.284","4.5","-0.125","5","0.382","5","0.502","1.5","-1.304","-0.0393","6"
"Fractal Mascot","GU","common","4","-0.21","4","-0.284","4.5","-0.125","4.5","0.096","4.5","0.233","2.5","-0.395","-0.1142","6"
"Goblin Glasswright // Craft with Pride","R","common","5","0.192","4","-0.284","4.5","-0.125","4.5","0.096","4.5","0.233","4.25","1.1957","0.218","6"
"Homesickness","U","uncommon","4","-0.21","4","-0.284","4.5","-0.125","4.5","0.096","4","-0.035","3.5","0.514","-0.0073","6"
"Pest Mascot","BG","common","3","-0.611","4","-0.284","4.5","-0.125","4.5","0.096","4","-0.035","3","0.0595","-0.1499","6"
"Pterafractyl","GU","common","5","0.192","4","-0.284","4.5","-0.125","4.5","0.096","4","-0.035","3","0.0595","-0.0161","6"
"Pursue the Past","RW","common","2","-1.013","4","-0.284","4.5","-0.125","4","-0.189","4","-0.035","2","-0.8495","-0.4159","6"
"Decorum Dissertation","B","mythic","2","-1.013","8","1.299","2","-1.761","5","0.382","4","-0.035","4","0.9685","-0.0266","6"
"Restoration Seminar","W","mythic","11","2.601","8","1.299","2","-1.761","4.5","0.096","3","-0.572","4.5","1.423","0.5143","6"
"Hydro-Channeler","U","common","4","-0.21","3","-0.68","5","0.203","4.5","0.096","4","-0.035","3","0.0595","-0.0944","6"
"Lorehold Charm","RW","uncommon","4","-0.21","3","-0.68","5","0.203","4","-0.189","4","-0.035","3","0.0595","-0.1419","6"
"Big Score","R","common","4","-0.21","4","-0.284",,,"4.5","0.096","4.5","0.233",,,"-0.0413","6"
"Codie, Vociferous Codex","","rare","5","0.192","4","-0.284",,,"3","-0.76","2","-1.108","1","-1.7585","-0.7437","6"
"Deduce","U","common","4","-0.21","4","-0.284",,,"5","0.382","5","0.502",,,"0.0975","6"
"Dualcaster Mage","R","rare","8","1.396","4","-0.284",,,"4.5","0.096","5.5","0.77","4","0.9685","0.5893","6"
"Helping Hand","W","uncommon","2","-1.013","4","-0.284",,,"3","-0.76","3","-0.572",,,"-0.6573","6"
"Oracle's Restoration","G","common","2","-1.013","4","-0.284",,,"3","-0.76","2","-1.108","1.75","-1.0767","-0.8483","6"
"Potioner's Trove","","common","2","-1.013","4","-0.284",,,"3","-0.76","3","-0.572","2.5","-0.395","-0.6048","6"
"Prismatic Ending","W","uncommon","3","-0.611","4","-0.284",,,"3","-0.76","3","-0.572",,,"-0.5567","6"
"Royal Treatment","G","uncommon","5","0.192","4","-0.284",,,"5.5","0.667","5.5","0.77",,,"0.3363","6"
"Shamanic Revelation","G","rare","2","-1.013","4","-0.284",,,"4","-0.189","4","-0.035",,,"-0.3802","6"
"Sheoldred's Edict","B","uncommon","2","-1.013","4","-0.284",,,"4","-0.189","3","-0.572",,,"-0.5145","6"
"Sleight of Hand","U","common","5","0.192","4","-0.284",,,"4.5","0.096","4.5","0.233",,,"0.0593","6"
"Tablet of Discovery","R","uncommon","3","-0.611","6","0.507","3","-1.106","5","0.382","4.5","0.233","3.75","0.7412","0.0244","6"
"Rapturous Moment","RU","uncommon","5","0.192","4","-0.284","4","-0.452","3","-0.76","1","-1.645","3","0.0595","-0.4816","6"
"Strife Scholar // Awaken the Ages","R","common","4","-0.21","4","-0.284","4","-0.452","3","-0.76","2","-1.108","1.25","-1.5312","-0.7242","6"
"Zealous Lorecaster","R","common","5","0.192","4","-0.284","4","-0.452","4.5","0.096","4","-0.035","1.75","-1.0767","-0.26","6"
"Adventurous Eater // Have a Bite","B","common","4","-0.21","3","-0.68","4.5","-0.125","4","-0.189","3","-0.572","3","0.0595","-0.2861","6"
"Expressive Firedancer","R","common","4","-0.21","3","-0.68","4.5","-0.125","4","-0.189","4","-0.035","2","-0.8495","-0.3481","6"
"Infirmary Healer // Stream of Life","G","uncommon","6","0.593","3","-0.68","4.5","-0.125","5","0.382","4.5","0.233","2.75","-0.1678","0.0392","6"
"Inkling Mascot","BW","common","5","0.192","3","-0.68","4.5","-0.125","4.5","0.096","4","-0.035","2","-0.8495","-0.2336","6"
"Joined Researchers // Secret Rendezvous","W","rare","4","-0.21","3","-0.68","4.5","-0.125","5","0.382","4.5","0.233","3.5","0.514","0.019","6"
"Landscape Painter // Vibrant Idea","U","common","4","-0.21","3","-0.68","4.5","-0.125","3","-0.76","4","-0.035","3","0.0595","-0.2918","6"
"Melancholic Poet","B","common","3","-0.611","3","-0.68","4.5","-0.125","4.5","0.096","4","-0.035","2.5","-0.395","-0.2917","6"
"Mindful Biomancer","G","common","3","-0.611","3","-0.68","4.5","-0.125","4.5","0.096","4","-0.035","2.75","-0.1678","-0.2538","6"
"Quick Study","U","common","4","-0.21","3","-0.68","4.5","-0.125","4","-0.189","4","-0.035","3","0.0595","-0.1966","6"
"Rehearsed Debater","W","common","4","-0.21","3","-0.68","4.5","-0.125","4","-0.189","4.5","0.233","2.75","-0.1678","-0.1898","6"
"Shattered Acolyte","W","common","5","0.192","3","-0.68","4.5","-0.125","4.5","0.096","4.5","0.233","2.25","-0.6222","-0.151","6"
"Stone Docent","W","common","4","-0.21","3","-0.68","4.5","-0.125","4.5","0.096","4.5","0.233","2.75","-0.1678","-0.1423","6"
"Tackle Artist","R","common","2","-1.013","3","-0.68","4.5","-0.125","3","-0.76","3","-0.572","1.75","-1.0767","-0.7045","6"
"Snarl Song","G","uncommon","6","0.593","7","0.903","2","-1.761","6","0.952","5.5","0.77","1.5","-1.304","0.0255","6"
"Lumaret's Favor","G","uncommon","4","-0.21","3","-0.68","4","-0.452","4","-0.189","3","-0.572","2.5","-0.395","-0.4163","6"
"Shopkeeper's Bane","G","common","3","-0.611","2","-1.076","4","-0.452","4","-0.189","4","-0.035","2.5","-0.395","-0.4597","6"
"Spellbook Seeker // Careful Study","U","common","4","-0.21","2","-1.076","5","0.203","4","-0.189","2","-1.108","3","0.0595","-0.3867","6"
"Cheerful Osteomancer // Raise Dead","B","common","5","0.192","5","0.111","3","-1.106","3","-0.76","3","-0.572","3","0.0595","-0.3459","6"
"Daydream","W","uncommon","1","-1.414","5","0.111","3","-1.106","3","-0.76","2","-1.108","1","-1.7585","-1.0059","6"
"Essence Scatter","U","common","5","0.192","5","0.111","3","-1.106","5.5","0.667","5","0.502","3","0.0595","0.0709","6"
"Primary Research","W","uncommon","3","-0.611","5","0.111","3","-1.106","5.5","0.667","6","1.038","1","-1.7585","-0.2766","6"
"Sundering Archaic","","uncommon","4","-0.21","5","0.111","3","-1.106","4.5","0.096","5","0.502","4","0.9685","0.0603","6"
"Brush Off","U","uncommon","2","-1.013","3","-0.68","4","-0.452","5","0.382","5","0.502","1.5","-1.304","-0.4275","6"
"Growth Curve","GU","uncommon","2","-1.013","3","-0.68","4","-0.452","2","-1.331","1","-1.645","1","-1.7585","-1.1466","6"
"Heated Argument","R","common","4","-0.21","3","-0.68","4","-0.452","3","-0.76","3","-0.572","2","-0.8495","-0.5873","6"
"Interjection","W","common","3","-0.611","3","-0.68","4","-0.452","4","-0.189","3","-0.572","2","-0.8495","-0.5589","6"
"Living History","R","uncommon","4","-0.21","3","-0.68","4","-0.452","4.5","0.096","3","-0.572","1.5","-1.304","-0.5203","6"
"Skycoach Waypoint","","uncommon","1","-1.414","3","-0.68","4","-0.452","4","-0.189","2","-1.108","0","-2.6675","-1.0851","6"
"Sneering Shadewriter","B","common","4","-0.21","3","-0.68","4","-0.452","4.5","0.096","4","-0.035","2.75","-0.1678","-0.2415","6"
"Ascendant Dustspeaker","W","common","2","-1.013","2","-1.076","4.5","-0.125","4","-0.189","3","-0.572","1.75","-1.0767","-0.6753","6"
"Biblioplex Tomekeeper","","common","3","-0.611","2","-1.076","4.5","-0.125","2","-1.331","0","-2.181","1","-1.7585","-1.1804","6"
"Imperious Inkmage","BW","common","4","-0.21","2","-1.076","4.5","-0.125","4.5","0.096","5","0.502","2.5","-0.395","-0.2013","6"
"Maelstrom Artisan // Rocket Volley","R","rare","5","0.192","6","0.507","2","-1.761","4","-0.189","3","-0.572","4.5","1.423","-0.0667","6"
"Planar Engineering","G","rare","2","-1.013","6","0.507","2","-1.761","2","-1.331","2","-1.108","1.5","-1.304","-1.0017","6"
"Fractalize","U","uncommon","3","-0.611","1","-1.472","5","0.203","4","-0.189","3","-0.572","2.5","-0.395","-0.506","6"
"Rabid Attack","B","uncommon","2","-1.013","1","-1.472","5","0.203","4.5","0.096","4.5","0.233","1.75","-1.0767","-0.505","6"
"Tenured Concocter","G","common","4","-0.21","1","-1.472","5","0.203","3","-0.76","3","-0.572","2.5","-0.395","-0.5343","6"
"Ancestral Anger","R","common","3","-0.611","4","-0.284","3","-1.106","4.5","0.096","4","-0.035","2","-0.8495","-0.4649","6"
"Archaic's Agony","R","uncommon","1","-1.414","3","-0.68",,,"3","-0.76","2","-1.108","2","-0.8495","-0.9623","6"
"Diary of Dreams","","uncommon","2","-1.013","4","-0.284","3","-1.106","4.5","0.096","4.5","0.233","1","-1.7585","-0.6387","6"
"Disdainful Stroke","U","uncommon","3","-0.611","3","-0.68",,,"5","0.382","5","0.502",,,"-0.1017","6"
"Duty Beyond Death","W","uncommon","2","-1.013","3","-0.68",,,"4","-0.189","4","-0.035",,,"-0.4793","6"
"Feed the Swarm","B","common","5","0.192","3","-0.68",,,"2","-1.331","2","-1.108",,,"-0.7318","6"
"Follow the Lumarets","G","common","3","-0.611","4","-0.284","3","-1.106","4.5","0.096","4.5","0.233","2.75","-0.1678","-0.3066","6"
"Giant Growth","G","common","4","-0.21","3","-0.68",,,"2","-1.331","2","-1.108",,,"-0.8323","6"
"Graduation Day","W","uncommon","3","-0.611","4","-0.284","3","-1.106","4.5","0.096","4","-0.035","1","-1.7585","-0.6164","6"
"Magus of the Library","G","rare","2","-1.013","3","-0.68",,,"0","-2.472","0","-2.181","3","0.0595","-1.2573","6"
"Monstrous Rage","R","uncommon","5","0.192","3","-0.68",,,"5","0.382","5","0.502",,,"0.099","6"
"Rapier Wit","W","common","3","-0.611","4","-0.284","3","-1.106","3","-0.76","2","-1.108","2.25","-0.6222","-0.7485","6"
"Zombify","B","uncommon","3","-0.611","3","-0.68",,,"3","-0.76","2","-1.108",,,"-0.7898","6"
"Efflorescence","G","common","3","-0.611","2","-1.076","4","-0.452","2","-1.331","2","-1.108","1.5","-1.304","-0.9803","6"
"Render Speechless","BW","common","3","-0.611","2","-1.076","4","-0.452","5.5","0.667","5","0.502","1.5","-1.304","-0.379","6"
"Honorbound Page // Forum's Favor","W","common","2","-1.013","1","-1.472","4.5","-0.125","3","-0.76","2","-1.108","2","-0.8495","-0.8879","6"
"Mage Tower Referee","","common","1","-1.414","1","-1.472","4.5","-0.125","3","-0.76","3","-0.572","1.5","-1.304","-0.9412","6"
"Root Manipulation","BG","uncommon","3","-0.611","1","-1.472","4.5","-0.125","4.5","0.096","4","-0.035","2.5","-0.395","-0.4237","6"
"Scathing Shadelock // Venomous Words","B","uncommon","2","-1.013","1","-1.472","4.5","-0.125","2","-1.331","2","-1.108","2.75","-0.1678","-0.8695","6"
"Transcendent Archaic","","uncommon","3","-0.611","5","0.111","2","-1.761","4.5","0.096","4","-0.035","4","0.9685","-0.2053","6"
"Choreographed Sparks","R","rare","0","-1.816","0","-1.867","5","0.203","2","-1.331","1","-1.645","1","-1.7585","-1.3691","6"
"Cost of Brilliance","B","common","3","-0.611","3","-0.68","3","-1.106","5.5","0.667","5","0.502","1.5","-1.304","-0.422","6"
"Pull from the Grave","B","common","2","-1.013","3","-0.68","3","-1.106","4","-0.189","3","-0.572","2.75","-0.1678","-0.6213","6"
"Rearing Embermare","R","common","3","-0.611","3","-0.68","3","-1.106","4","-0.189","3","-0.572","1.75","-1.0767","-0.7058","6"
"Seize the Spoils","R","common","2","-1.013","3","-0.68","3","-1.106","4.5","0.096","2","-1.108","2.5","-0.395","-0.701","6"
"Spirit Mascot","RW","common","4","-0.21","3","-0.68","3","-1.106","4.5","0.096","4.5","0.233","3","0.0595","-0.2679","6"
"Masterful Flourish","B","common","3","-0.611","1","-1.472","4","-0.452","3","-0.76","3","-0.572","2.25","-0.6222","-0.7482","6"
"Ulna Alley Shopkeep","B","common","3","-0.611","1","-1.472","4","-0.452","2","-1.331","1","-1.645","2","-0.8495","-1.0601","6"
"Mathemagics","U","mythic","4","-0.21","4","-0.284","2","-1.761","5","0.382","4.5","0.233","2","-0.8495","-0.4149","6"
"Muse's Encouragement","U","common","3","-0.611","2","-1.076","3","-1.106","3","-0.76","3","-0.572","3","0.0595","-0.6776","6"
"Nita, Forum Conciliator","BW","rare","5","0.192","1","-1.472","3","-1.106","5","0.382","4","-0.035","3.5","0.514","-0.2542","6"
"Owlin Historian","W","common","5","0.192","2","-1.076","3","-1.106","4.5","0.096","4.5","0.233","2.5","-0.395","-0.3427","6"
"Wild Hypothesis","G","common","4","-0.21","2","-1.076","3","-1.106","3","-0.76","3","-0.572","1.75","-1.0767","-0.8001","6"
"Zimone's Experiment","G","uncommon","2","-1.013","1","-1.472","3","-1.106","3","-0.76","3","-0.572","2.75","-0.1678","-0.8485","6"
"Berserk","G","mythic","5","0.192","2","-1.076",,,"2","-1.331","2","-1.108",,,"-0.8307","6"
"Bring to Light","GU","rare","2","-1.013","2","-1.076",,,"0","-2.472","1","-1.645",,,"-1.5515","6"
"Culling Ritual","BG","rare","0","-1.816","2","-1.076",,,,,,,,,"-1.446","6"
"Mica, Reader of Ruins","R","uncommon","3","-0.611","2","-1.076",,,"3","-0.76","3","-0.572","2","-0.8495","-0.7737","6"
"Pick Your Poison","BG","rare","1","-1.414","2","-1.076",,,,,,,,,"-1.245","6"
"Requisition Raid","W","uncommon","3","-0.611","2","-1.076",,,"3","-0.76","2","-1.108",,,"-0.8888","6"
"Stargaze","B","uncommon","3","-0.611","2","-1.076",,,"4","-0.189","2","-1.108",,,"-0.746","6"
"Hungry Graffalon","G","common","2","-1.013","3","-0.68","2","-1.761","1","-1.901","1","-1.645","2","-0.8495","-1.3082","6"
"Chase Inspiration","U","common","3","-0.611","1","-1.472","3","-1.106","3","-0.76","3","-0.572","2.5","-0.395","-0.8193","6"
"Divergent Equation","U","uncommon","2","-1.013","2","-1.076","2","-1.761","3","-0.76","3","-0.572","1","-1.7585","-1.1567","6"
"Rancorous Archaic","","common","2","-1.013","2","-1.076","2","-1.761","3","-0.76","3","-0.572","3","0.0595","-0.8537","6"
"Textbook Tabulator","U","common","2","-1.013","2","-1.076","2","-1.761","3","-0.76","3","-0.572","2","-0.8495","-1.0052","6"
"Adrix and Nev, Twincasters","GU","mythic","0","-1.816","1","-1.472",,,"0","-2.472","0","-2.181","3.5","0.514","-1.4854","6"
"Bulk Up","R","uncommon","3","-0.611","1","-1.472",,,"2","-1.331","2","-1.108",,,"-1.1305","6"
"Deflecting Palm","RW","rare","1","-1.414","1","-1.472",,,"0","-2.472","0","-2.181",,,"-1.8848","6"
"Empty the Warrens","R","common","3","-0.611","1","-1.472",,,"3","-0.76","2","-1.108",,,"-0.9878","6"
"Flusterstorm","U","rare","1","-1.414","1","-1.472",,,,,,,,,"-1.443","6"
"Force of Will","U","mythic","3","-0.611","1","-1.472",,,"4","-0.189","3","-0.572",,,"-0.711","6"
"Fracture","BW","uncommon","1","-1.414","1","-1.472",,,,,,,,,"-1.443","6"
"Smallpox","B","uncommon","1","-1.414","1","-1.472",,,"0","-2.472","0","-2.181",,,"-1.8848","6"
"Spell Pierce","U","uncommon","1","-1.414","1","-1.472",,,,,,,,,"-1.443","6"
"Wisdom of Ages","U","rare","2","-1.013","3","-0.68","1","-2.416","3","-0.76","3","-0.572","1","-1.7585","-1.1999","6"
"Borrowed Knowledge","RW","uncommon","0","-1.816","1","-1.472","2","-1.761","0","-2.472","0","-2.181","0","-2.6675","-2.0616","6"
"Comforting Counsel","G","rare","1","-1.414","1","-1.472","2","-1.761","0","-2.472","0","-2.181","0","-2.6675","-1.9946","6"
"Fractal Anomaly","U","uncommon","3","-0.611","1","-1.472","2","-1.761","3","-0.76","1","-1.645","3","0.0595","-1.0316","6"
"Fix What's Broken","BW","rare","0","-1.816","0","-1.867","2","-1.761","0","-2.472","0","-2.181","1","-1.7585","-1.9759","6"
"Glorious Decay","G","common","1","-1.414","2","-1.076","1","-2.416",,,,,"1.5","-1.304","-1.5525","6"
"Angel's Grace","W","rare","0","-1.816","0","-1.867",,,"0","-2.472","0","-2.181",,,"-2.084","6"
"Crop Rotation","G","uncommon","0","-1.816","0","-1.867",,,"0","-2.472","0","-2.181",,,"-2.084","6"
"Culling the Weak","B","common","2","-1.013","0","-1.867",,,"0","-2.472","0","-2.181",,,"-1.8833","6"
"Dina's Guidance","BG","rare","1","-1.414","0","-1.867",,,"0","-2.472","0","-2.181","1","-1.7585","-1.9385","6"
"Glimpse of Nature","G","rare","0","-1.816","0","-1.867",,,"2","-1.331","1","-1.645",,,"-1.6647","6"
"Jeska's Will","R","rare","1","-1.414","0","-1.867",,,"1","-1.901","1","-1.645",,,"-1.7067","6"
"Library of Leng","","common","0","-1.816","0","-1.867",,,,,,,"0","-2.6675","-2.1168","6"
"Living End","B","mythic","0","-1.816","0","-1.867",,,"1","-1.901","0","-2.181",,,"-1.9412","6"
"Pongify","U","uncommon","1","-1.414","0","-1.867",,,"0","-2.472","0","-2.181",,,"-1.9835","6"
"Pyretic Ritual","R","common","0","-1.816","0","-1.867",,,"0","-2.472","1","-1.645",,,"-1.95","6"
"Return the Favor","R","uncommon","3","-0.611","0","-1.867",,,"0","-2.472",,,,,"-1.65","6"
"Return to the Ranks","W","rare","0","-1.816","0","-1.867",,,"1","-1.901","0","-2.181",,,"-1.9412","6"
"Vampiric Tutor","B","mythic","5","0.192","0","-1.867",,,"0","-2.472","0","-2.181",,,"-1.582","6"
"Arcane Omens","B","uncommon","2","-1.013","1","-1.472","1","-2.416","4.5","0.096",,,"1.5","-1.304","-1.2218","6"
"Harsh Annotation","W","uncommon","0","-1.816","1","-1.472","1","-2.416","0","-2.472","0","-2.181","1","-1.7585","-2.0192","6"
"Procrastinate","U","common","4","-0.21","1","-1.472","1","-2.416","2","-1.331","1","-1.645","3","0.0595","-1.1691","6"
"Zaffai and the Tempests","RU","rare","2","-1.013","1","-1.472","0","-3.07","3","-0.76","3","-0.572","1","-1.7585","-1.4409","6"
"Petrified Hamlet","","rare","0","-1.816","0","-1.867","0","-3.07","0","-2.472","0","-2.181","0","-2.6675","-2.3456","6"
"Pox Plague","B","rare","0","-1.816","0","-1.867","0","-3.07","0","-2.472","0","-2.181","0","-2.6675","-2.3456","6"
"Resonating Lute","RU","rare","2","-1.013","0","-1.867","0","-3.07","0","-2.472","0","-2.181","4","0.9685","-1.6057","6"
